{
    "Dataset_1": {
        "iterations": 900,
        "depth": 3,
        "learning_rate": 0.11473472079242644,
        "subsample": 0.7574386713409355,
        "colsample_bylevel": 0.8709407246574816,
        "l2_leaf_reg": 7,
        "bagging_temperature": 0.043070428605840094
    },
    "Dataset_10": {
        "iterations": 500,
        "depth": 4,
        "learning_rate": 0.1735718560329413,
        "subsample": 0.6635305570193286,
        "colsample_bylevel": 0.6795308913454193,
        "l2_leaf_reg": 7,
        "bagging_temperature": 0.48445997372316313
    },
    "Dataset_11": {
        "iterations": 900,
        "depth": 10,
        "learning_rate": 0.06938852856287703,
        "subsample": 0.8823428312664549,
        "colsample_bylevel": 0.8129755695257416,
        "l2_leaf_reg": 1,
        "bagging_temperature": 0.31608480461607547
    },
    "Dataset_12": {
        "iterations": 600,
        "depth": 6,
        "learning_rate": 0.028199815774967142,
        "subsample": 0.7252906046030729,
        "colsample_bylevel": 0.9109314061104019,
        "l2_leaf_reg": 1,
        "bagging_temperature": 0.8075198109341492
    },
    "Dataset_13": {
        "iterations": 200,
        "depth": 3,
        "learning_rate": 0.08808110757366816,
        "subsample": 0.6192371789146747,
        "colsample_bylevel": 0.7764643325151913,
        "l2_leaf_reg": 5,
        "bagging_temperature": 0.6407920048007728
    },
    "Dataset_14": {
        "iterations": 700,
        "depth": 7,
        "learning_rate": 0.18609443482582827,
        "subsample": 0.7995036979217937,
        "colsample_bylevel": 0.6135392848655652,
        "l2_leaf_reg": 1,
        "bagging_temperature": 0.8191013077460058
    },
    "Dataset_15": {
        "iterations": 800,
        "depth": 8,
        "learning_rate": 0.1567243805922037,
        "subsample": 0.8654176139167533,
        "colsample_bylevel": 0.761480733066678,
        "l2_leaf_reg": 7,
        "bagging_temperature": 0.6968588011732971
    },
    "Dataset_16": {
        "iterations": 500,
        "depth": 3,
        "learning_rate": 0.03155940957593797,
        "subsample": 0.9493919517323454,
        "colsample_bylevel": 0.8964035778829467,
        "l2_leaf_reg": 7,
        "bagging_temperature": 0.2169314903315973
    },
    "Dataset_17": {
        "iterations": 800,
        "depth": 4,
        "learning_rate": 0.030566982076569313,
        "subsample": 0.7933547764904447,
        "colsample_bylevel": 0.692623764238544,
        "l2_leaf_reg": 1,
        "bagging_temperature": 0.8548251749235464
    },
    "Dataset_18": {
        "iterations": 700,
        "depth": 8,
        "learning_rate": 0.07185474350037332,
        "subsample": 0.7328880039598682,
        "colsample_bylevel": 0.8678545788587794,
        "l2_leaf_reg": 3,
        "bagging_temperature": 0.6434924461207161
    },
    "Dataset_19": {
        "iterations": 300,
        "depth": 6,
        "learning_rate": 0.019155624250393685,
        "subsample": 0.9484691734964877,
        "colsample_bylevel": 0.9235548308498754,
        "l2_leaf_reg": 5,
        "bagging_temperature": 0.9152572968083613
    },
    "Dataset_2": {
        "iterations": 800,
        "depth": 5,
        "learning_rate": 0.10219907893640344,
        "subsample": 0.6381856775035646,
        "colsample_bylevel": 0.8091215276038881,
        "l2_leaf_reg": 7,
        "bagging_temperature": 0.7135011173952718
    },
    "Dataset_20": {
        "iterations": 400,
        "depth": 4,
        "learning_rate": 0.06253797213054611,
        "subsample": 0.628995912964341,
        "colsample_bylevel": 0.9239354852906884,
        "l2_leaf_reg": 7,
        "bagging_temperature": 0.9867215438405993
    },
    "Dataset_21": {
        "iterations": 1000,
        "depth": 3,
        "learning_rate": 0.08300561506418612,
        "subsample": 0.6992333694089791,
        "colsample_bylevel": 0.7029968652021912,
        "l2_leaf_reg": 5,
        "bagging_temperature": 0.935236069705034
    },
    "Dataset_22": {
        "iterations": 400,
        "depth": 10,
        "learning_rate": 0.1537212046650919,
        "subsample": 0.9373956980279394,
        "colsample_bylevel": 0.6372751695469798,
        "l2_leaf_reg": 7,
        "bagging_temperature": 0.7172587231565482
    },
    "Dataset_23": {
        "iterations": 600,
        "depth": 4,
        "learning_rate": 0.12838609616755509,
        "subsample": 0.9458505791603775,
        "colsample_bylevel": 0.9821486712793324,
        "l2_leaf_reg": 1,
        "bagging_temperature": 0.858287615843541
    },
    "Dataset_24": {
        "iterations": 200,
        "depth": 4,
        "learning_rate": 0.0725651622909283,
        "subsample": 0.8066711623141148,
        "colsample_bylevel": 0.992423638057995,
        "l2_leaf_reg": 5,
        "bagging_temperature": 0.9113025708327858
    },
    "Dataset_25": {
        "iterations": 200,
        "depth": 4,
        "learning_rate": 0.07667165364850123,
        "subsample": 0.9286533620528705,
        "colsample_bylevel": 0.9586618283582125,
        "l2_leaf_reg": 1,
        "bagging_temperature": 0.60722276393105
    },
    "Dataset_26": {
        "iterations": 900,
        "depth": 10,
        "learning_rate": 0.03464255477866757,
        "subsample": 0.8501833157649707,
        "colsample_bylevel": 0.7288453539121457,
        "l2_leaf_reg": 5,
        "bagging_temperature": 0.1927673217546052
    },
    "Dataset_27": {
        "iterations": 500,
        "depth": 6,
        "learning_rate": 0.010560352655634648,
        "subsample": 0.7752463524626946,
        "colsample_bylevel": 0.6603003230444149,
        "l2_leaf_reg": 1,
        "bagging_temperature": 0.6094453115943704
    },
    "Dataset_28": {
        "iterations": 200,
        "depth": 5,
        "learning_rate": 0.07763839800510026,
        "subsample": 0.9315786180609809,
        "colsample_bylevel": 0.6983172691464316,
        "l2_leaf_reg": 3,
        "bagging_temperature": 0.4683929004742053
    },
    "Dataset_29": {
        "iterations": 100,
        "depth": 9,
        "learning_rate": 0.04568278381128282,
        "subsample": 0.6727060826265568,
        "colsample_bylevel": 0.6421280789137792,
        "l2_leaf_reg": 1,
        "bagging_temperature": 0.7000665215320888
    },
    "Dataset_3": {
        "iterations": 300,
        "depth": 7,
        "learning_rate": 0.017259496696098872,
        "subsample": 0.911935393703738,
        "colsample_bylevel": 0.7589502138905632,
        "l2_leaf_reg": 3,
        "bagging_temperature": 0.04704685401231154
    },
    "Dataset_30": {
        "iterations": 200,
        "depth": 3,
        "learning_rate": 0.19289391026334213,
        "subsample": 0.8872192660492885,
        "colsample_bylevel": 0.6586115246022898,
        "l2_leaf_reg": 1,
        "bagging_temperature": 0.28433863798941794
    },
    "Dataset_31": {
        "iterations": 800,
        "depth": 6,
        "learning_rate": 0.01964229115160166,
        "subsample": 0.8429121249652073,
        "colsample_bylevel": 0.8194158712769524,
        "l2_leaf_reg": 5,
        "bagging_temperature": 0.07488221304267689
    },
    "Dataset_32": {
        "iterations": 700,
        "depth": 3,
        "learning_rate": 0.07733519059505481,
        "subsample": 0.6849769287100933,
        "colsample_bylevel": 0.7171525818365526,
        "l2_leaf_reg": 7,
        "bagging_temperature": 0.42538500699745213
    },
    "Dataset_33": {
        "iterations": 600,
        "depth": 4,
        "learning_rate": 0.17211201129090692,
        "subsample": 0.7802821446185269,
        "colsample_bylevel": 0.8803708686752414,
        "l2_leaf_reg": 5,
        "bagging_temperature": 0.6802141539013834
    },
    "Dataset_34": {
        "iterations": 200,
        "depth": 5,
        "learning_rate": 0.05263362921552696,
        "subsample": 0.64648806085545,
        "colsample_bylevel": 0.6757380032136857,
        "l2_leaf_reg": 3,
        "bagging_temperature": 0.18464546390896552
    },
    "Dataset_35": {
        "iterations": 1000,
        "depth": 5,
        "learning_rate": 0.04807501061046015,
        "subsample": 0.7039500184786156,
        "colsample_bylevel": 0.6851272283049192,
        "l2_leaf_reg": 1,
        "bagging_temperature": 0.8013234820803643
    },
    "Dataset_36": {
        "iterations": 500,
        "depth": 6,
        "learning_rate": 0.05923709923539327,
        "subsample": 0.8289784584990796,
        "colsample_bylevel": 0.8809416487841705,
        "l2_leaf_reg": 1,
        "bagging_temperature": 0.09200001121147527
    },
    "Dataset_37": {
        "iterations": 300,
        "depth": 6,
        "learning_rate": 0.1399525848743459,
        "subsample": 0.8572174964310252,
        "colsample_bylevel": 0.7572368254282723,
        "l2_leaf_reg": 7,
        "bagging_temperature": 0.20858170493467176
    },
    "Dataset_38": {
        "iterations": 600,
        "depth": 4,
        "learning_rate": 0.03154999943245049,
        "subsample": 0.8929063456699997,
        "colsample_bylevel": 0.6837102795435924,
        "l2_leaf_reg": 3,
        "bagging_temperature": 0.0629233229527268
    },
    "Dataset_39": {
        "iterations": 800,
        "depth": 4,
        "learning_rate": 0.18764081074908576,
        "subsample": 0.8824917549102348,
        "colsample_bylevel": 0.746497856216723,
        "l2_leaf_reg": 1,
        "bagging_temperature": 0.9747009126151976
    },
    "Dataset_4": {
        "iterations": 700,
        "depth": 6,
        "learning_rate": 0.02275067065280025,
        "subsample": 0.6432982583102793,
        "colsample_bylevel": 0.7217934598820634,
        "l2_leaf_reg": 5,
        "bagging_temperature": 0.8068676479793517
    },
    "Dataset_40": {
        "iterations": 400,
        "depth": 6,
        "learning_rate": 0.05257792833269407,
        "subsample": 0.7175447693798889,
        "colsample_bylevel": 0.7376627551841033,
        "l2_leaf_reg": 5,
        "bagging_temperature": 0.700592706054445
    },
    "Dataset_41": {
        "iterations": 600,
        "depth": 5,
        "learning_rate": 0.10465066280712215,
        "subsample": 0.8126350626105783,
        "colsample_bylevel": 0.8303971649697733,
        "l2_leaf_reg": 7,
        "bagging_temperature": 0.47213475453344067
    },
    "Dataset_42": {
        "iterations": 700,
        "depth": 6,
        "learning_rate": 0.0684048383743749,
        "subsample": 0.9557945887631404,
        "colsample_bylevel": 0.7934352017237017,
        "l2_leaf_reg": 7,
        "bagging_temperature": 0.34870928171894433
    },
    "Dataset_43": {
        "iterations": 300,
        "depth": 3,
        "learning_rate": 0.013548134833265606,
        "subsample": 0.7107021382097731,
        "colsample_bylevel": 0.6846375111510898,
        "l2_leaf_reg": 5,
        "bagging_temperature": 0.6871349137352017
    },
    "Dataset_44": {
        "iterations": 400,
        "depth": 10,
        "learning_rate": 0.03260745012536048,
        "subsample": 0.8045817945270702,
        "colsample_bylevel": 0.9805682327692139,
        "l2_leaf_reg": 7,
        "bagging_temperature": 0.09728883374452335
    },
    "Dataset_45": {
        "iterations": 1000,
        "depth": 8,
        "learning_rate": 0.02070026524134267,
        "subsample": 0.8956502487023683,
        "colsample_bylevel": 0.7165927539039932,
        "l2_leaf_reg": 5,
        "bagging_temperature": 0.8919246440908137
    },
    "Dataset_46": {
        "iterations": 900,
        "depth": 10,
        "learning_rate": 0.016225450350427956,
        "subsample": 0.6662497487042988,
        "colsample_bylevel": 0.6251373673784568,
        "l2_leaf_reg": 7,
        "bagging_temperature": 0.8007248604573045
    },
    "Dataset_47": {
        "iterations": 1000,
        "depth": 10,
        "learning_rate": 0.025025623721356294,
        "subsample": 0.9038032065609141,
        "colsample_bylevel": 0.714978477854052,
        "l2_leaf_reg": 5,
        "bagging_temperature": 0.9979894991694196
    },
    "Dataset_48": {
        "iterations": 300,
        "depth": 8,
        "learning_rate": 0.02173706071212841,
        "subsample": 0.9929821458254663,
        "colsample_bylevel": 0.9662440343821942,
        "l2_leaf_reg": 1,
        "bagging_temperature": 0.023298477419568475
    },
    "Dataset_49": {
        "iterations": 300,
        "depth": 5,
        "learning_rate": 0.04353317420366149,
        "subsample": 0.9225365029742386,
        "colsample_bylevel": 0.8663735506496785,
        "l2_leaf_reg": 1,
        "bagging_temperature": 0.09983550969507657
    },
    "Dataset_5": {
        "iterations": 200,
        "depth": 4,
        "learning_rate": 0.06376535140374048,
        "subsample": 0.8881478165159951,
        "colsample_bylevel": 0.9014904446950782,
        "l2_leaf_reg": 5,
        "bagging_temperature": 0.14554116177424795
    },
    "Dataset_6": {
        "iterations": 700,
        "depth": 9,
        "learning_rate": 0.08084993578555108,
        "subsample": 0.980857090164376,
        "colsample_bylevel": 0.9549815971556102,
        "l2_leaf_reg": 3,
        "bagging_temperature": 0.5979756914197558
    },
    "Dataset_7": {
        "iterations": 700,
        "depth": 7,
        "learning_rate": 0.04858160455776151,
        "subsample": 0.6710715642367822,
        "colsample_bylevel": 0.9941416566186209,
        "l2_leaf_reg": 1,
        "bagging_temperature": 0.4073418064970167
    },
    "Dataset_8": {
        "iterations": 700,
        "depth": 3,
        "learning_rate": 0.03789470338754469,
        "subsample": 0.6184549291346396,
        "colsample_bylevel": 0.805853785884748,
        "l2_leaf_reg": 3,
        "bagging_temperature": 0.9343317709126733
    },
    "Dataset_9": {
        "iterations": 400,
        "depth": 8,
        "learning_rate": 0.05615312822615393,
        "subsample": 0.7605889077724759,
        "colsample_bylevel": 0.8599177567503086,
        "l2_leaf_reg": 1,
        "bagging_temperature": 0.4690001635508224
    }
}